{"cameraMode":{"drawMode":0,"name":"Shaded","section":"Shading Mode"},"sceneLighting":false,"audioPlay":false,"sceneViewState":{"m_AlwaysRefresh":false,"showFog":true,"showSkybox":false,"showFlares":true,"showImageEffects":true,"showParticleSystems":true,"showVisualEffectGraphs":true,"m_FxEnabled":true},"in2DMode":false,"pivot":{"x":-1.0355877876281739,"y":0.38709405064582827,"z":0.19952206313610078},"rotation":{"x":0.3607178330421448,"y":-0.05032961443066597,"z":0.019496921449899675,"w":0.9311189651489258},"size":16.659557342529298,"orthographic":false}